Id,Feature_Date,Target_Date,Actual,Prediction,Predicted,Positive_Probability,Probability_Positive
8792009665,2016-05-07,2016-05-08,0,0,0,0.07033875703294148,0.07033875703294148
8877689391,2016-05-07,2016-05-08,1,1,1,0.8821580142803476,0.8821580142803476
1503960366,2016-05-08,2016-05-09,1,1,1,0.7971159767824254,0.7971159767824254
1624580081,2016-05-08,2016-05-09,0,0,0,0.18035018724745044,0.18035018724745044
1644430081,2016-05-08,2016-05-09,0,0,0,0.4061621317532252,0.4061621317532252
1844505072,2016-05-08,2016-05-09,0,0,0,0.15489103436916038,0.15489103436916038
1927972279,2016-05-08,2016-05-09,0,0,0,0.11171412853626338,0.11171412853626338
2022484408,2016-05-08,2016-05-09,1,0,0,0.2809089071794293,0.2809089071794293
2026352035,2016-05-08,2016-05-09,1,0,0,0.4841863202655403,0.4841863202655403
2320127002,2016-05-08,2016-05-09,0,0,0,0.3353108583664209,0.3353108583664209
2873212765,2016-05-08,2016-05-09,0,0,0,0.2044334122444486,0.2044334122444486
3977333714,2016-05-08,2016-05-09,1,1,1,0.9443369238086862,0.9443369238086862
4020332650,2016-05-08,2016-05-09,0,1,1,0.5331104121694049,0.5331104121694049
4319703577,2016-05-08,2016-05-09,1,0,0,0.4351627799969544,0.4351627799969544
4388161847,2016-05-08,2016-05-09,1,1,1,0.9899188765324446,0.9899188765324446
4445114986,2016-05-08,2016-05-09,0,0,0,0.3773244320099188,0.3773244320099188
4558609924,2016-05-08,2016-05-09,1,1,1,0.601140390143805,0.601140390143805
4702921684,2016-05-08,2016-05-09,0,1,1,0.741914212048217,0.741914212048217
5553957443,2016-05-08,2016-05-09,1,1,1,0.5372672906563364,0.5372672906563364
5577150313,2016-05-08,2016-05-09,0,0,0,0.1289631177371788,0.1289631177371788
6117666160,2016-05-08,2016-05-09,0,0,0,0.48012673049084353,0.48012673049084353
6290855005,2016-05-08,2016-05-09,0,0,0,0.17899231272475086,0.17899231272475086
6962181067,2016-05-08,2016-05-09,1,1,1,0.5087058625264689,0.5087058625264689
7086361926,2016-05-08,2016-05-09,1,1,1,0.8822271162482123,0.8822271162482123
8053475328,2016-05-08,2016-05-09,1,1,1,0.9920446599642194,0.9920446599642194
8378563200,2016-05-08,2016-05-09,0,0,0,0.3685982153238745,0.3685982153238745
8583815059,2016-05-08,2016-05-09,0,0,0,0.47557436451553686,0.47557436451553686
8792009665,2016-05-08,2016-05-09,0,0,0,0.1360124075706292,0.1360124075706292
8877689391,2016-05-08,2016-05-09,1,1,1,0.8228190700455729,0.8228190700455729
1503960366,2016-05-09,2016-05-10,1,1,1,0.8903601392693072,0.8903601392693072
1624580081,2016-05-09,2016-05-10,0,0,0,0.14352470163984218,0.14352470163984218
1644430081,2016-05-09,2016-05-10,0,0,0,0.11472445326308277,0.11472445326308277
1844505072,2016-05-09,2016-05-10,0,0,0,0.13344474537232665,0.13344474537232665
1927972279,2016-05-09,2016-05-10,0,0,0,0.09001599518893198,0.09001599518893198
2022484408,2016-05-09,2016-05-10,1,1,1,0.796400992051902,0.796400992051902
2026352035,2016-05-09,2016-05-10,0,1,1,0.6801155280013045,0.6801155280013045
2320127002,2016-05-09,2016-05-10,0,0,0,0.22949513382265516,0.22949513382265516
2873212765,2016-05-09,2016-05-10,0,0,0,0.2501709580252101,0.2501709580252101
3977333714,2016-05-09,2016-05-10,1,1,1,0.9514445278668613,0.9514445278668613
4020332650,2016-05-09,2016-05-10,0,0,0,0.3391013741314829,0.3391013741314829
4319703577,2016-05-09,2016-05-10,0,1,1,0.5308190877328897,0.5308190877328897
4388161847,2016-05-09,2016-05-10,1,1,1,0.7827781164845734,0.7827781164845734
4445114986,2016-05-09,2016-05-10,0,0,0,0.27346930123259533,0.27346930123259533
4558609924,2016-05-09,2016-05-10,0,1,1,0.648064800774587,0.648064800774587
4702921684,2016-05-09,2016-05-10,1,1,1,0.5625238148297119,0.5625238148297119
5553957443,2016-05-09,2016-05-10,1,1,1,0.7630003091550008,0.7630003091550008
5577150313,2016-05-09,2016-05-10,0,0,0,0.27290887978060985,0.27290887978060985
6290855005,2016-05-09,2016-05-10,0,0,0,0.17193180246925363,0.17193180246925363
6962181067,2016-05-09,2016-05-10,1,1,1,0.8461279625480917,0.8461279625480917
7086361926,2016-05-09,2016-05-10,1,1,1,0.9180161412745769,0.9180161412745769
8053475328,2016-05-09,2016-05-10,1,1,1,0.7814650465732649,0.7814650465732649
8378563200,2016-05-09,2016-05-10,0,0,0,0.4694300583090808,0.4694300583090808
8583815059,2016-05-09,2016-05-10,0,0,0,0.4387142634060638,0.4387142634060638
8792009665,2016-05-09,2016-05-10,0,0,0,0.10591577935156585,0.10591577935156585
8877689391,2016-05-09,2016-05-10,1,1,1,0.9982631006463516,0.9982631006463516
1503960366,2016-05-10,2016-05-11,1,1,1,0.8546432523475913,0.8546432523475913
1624580081,2016-05-10,2016-05-11,0,0,0,0.09971005514066937,0.09971005514066937
1644430081,2016-05-10,2016-05-11,0,1,1,0.5298116814563226,0.5298116814563226
1844505072,2016-05-10,2016-05-11,0,0,0,0.10446779458855883,0.10446779458855883
1927972279,2016-05-10,2016-05-11,0,0,0,0.06832461234872482,0.06832461234872482
2022484408,2016-05-10,2016-05-11,1,1,1,0.8368431914859374,0.8368431914859374
2026352035,2016-05-10,2016-05-11,0,0,0,0.2675276046191806,0.2675276046191806
2320127002,2016-05-10,2016-05-11,0,0,0,0.23498852103954013,0.23498852103954013
2873212765,2016-05-10,2016-05-11,0,0,0,0.17596128516176884,0.17596128516176884
3977333714,2016-05-10,2016-05-11,0,1,1,0.9167598392091912,0.9167598392091912
4020332650,2016-05-10,2016-05-11,0,1,1,0.5191895261160789,0.5191895261160789
4319703577,2016-05-10,2016-05-11,0,1,1,0.5096860767311857,0.5096860767311857
4388161847,2016-05-10,2016-05-11,1,1,1,0.7442586400648138,0.7442586400648138
4445114986,2016-05-10,2016-05-11,0,0,0,0.18543004361708768,0.18543004361708768
4558609924,2016-05-10,2016-05-11,0,0,0,0.3033417475566277,0.3033417475566277
4702921684,2016-05-10,2016-05-11,0,1,1,0.6718266142110656,0.6718266142110656
5553957443,2016-05-10,2016-05-11,0,1,1,0.8939838538559165,0.8939838538559165
5577150313,2016-05-10,2016-05-11,0,1,1,0.7548342735582978,0.7548342735582978
6962181067,2016-05-10,2016-05-11,0,1,1,0.9130554277077768,0.9130554277077768
7086361926,2016-05-10,2016-05-11,0,1,1,0.9386726230962934,0.9386726230962934
8053475328,2016-05-10,2016-05-11,1,1,1,0.8606532593387366,0.8606532593387366
8378563200,2016-05-10,2016-05-11,0,0,0,0.29438409494603573,0.29438409494603573
8583815059,2016-05-10,2016-05-11,0,0,0,0.36534317338377886,0.36534317338377886
8877689391,2016-05-10,2016-05-11,1,1,1,0.7783262149652793,0.7783262149652793
1503960366,2016-05-11,2016-05-12,0,1,1,0.8866447347764201,0.8866447347764201
1624580081,2016-05-11,2016-05-12,0,0,0,0.10933577999518126,0.10933577999518126
1844505072,2016-05-11,2016-05-12,0,0,0,0.08511951304529665,0.08511951304529665
1927972279,2016-05-11,2016-05-12,0,0,0,0.0563436216301148,0.0563436216301148
2022484408,2016-05-11,2016-05-12,0,1,1,0.7336659094116106,0.7336659094116106
2026352035,2016-05-11,2016-05-12,0,0,0,0.4399567881632978,0.4399567881632978
2320127002,2016-05-11,2016-05-12,0,0,0,0.17633014568621444,0.17633014568621444
2873212765,2016-05-11,2016-05-12,0,0,0,0.09898966943716156,0.09898966943716156
4020332650,2016-05-11,2016-05-12,0,0,0,0.1988557366343075,0.1988557366343075
4319703577,2016-05-11,2016-05-12,0,0,0,0.40179578276419187,0.40179578276419187
4388161847,2016-05-11,2016-05-12,0,1,1,0.6240270395965773,0.6240270395965773
4445114986,2016-05-11,2016-05-12,0,0,0,0.3502353295995235,0.3502353295995235
4558609924,2016-05-11,2016-05-12,0,0,0,0.32051146738455377,0.32051146738455377
4702921684,2016-05-11,2016-05-12,0,0,0,0.4714329786773238,0.4714329786773238
5553957443,2016-05-11,2016-05-12,0,0,0,0.3274131522704181,0.3274131522704181
6962181067,2016-05-11,2016-05-12,0,0,0,0.42787584076668234,0.42787584076668234
7086361926,2016-05-11,2016-05-12,0,1,1,0.7286442917268338,0.7286442917268338
8053475328,2016-05-11,2016-05-12,0,1,1,0.6987754735705584,0.6987754735705584
8378563200,2016-05-11,2016-05-12,0,0,0,0.41453709834512115,0.41453709834512115
8583815059,2016-05-11,2016-05-12,0,0,0,0.27931144867696667,0.27931144867696667
8877689391,2016-05-11,2016-05-12,0,1,1,0.9986000215718461,0.9986000215718461
