timestamp,model_name,model_version,algorithm,feature_date,target_date,participant_id,prediction,actual,probability_positive,prediction_status,error_or_confidence,drift_status,max_abs_z,operational_status,review_required,model_path
2026-09-25T19:34:25.987008,calories,calories-20260925-135809,Random Forest,2016-05-11,2016-05-12,6962181067,2107.171226190477,928.0,,Review,1179.1712261904772,Within historical range,1.451429686646628,REVIEW REQUIRED,True,
2026-09-25T19:34:26.074301,activity_target,activity_target-20260925-135811,Logistic Regression,2016-05-11,2016-05-12,6962181067,1.0,0.0,0.903868194517269,Review,0.903868194517269,Within historical range,1.451429686646628,REVIEW REQUIRED,True,
2026-09-25T19:34:26.413929,sleep_target,sleep_target-20260925-135813,Random Forest,2016-05-11,2016-05-12,6962181067,1.0,1.0,0.5474664363414363,Correct,0.5474664363414363,Within historical range,1.451429686646628,MONITORING,False,
2026-09-25T22:03:03.546336,calories,calories-20260925-163257,Random Forest,2016-05-11,2016-05-12,6962181067,2107.171226190477,928.0,,Review,1179.1712261904772,Within historical range,1.451429686646628,REVIEW REQUIRED,True,D:\Strava Fitness App Project\models\predictive_models\calories\model.joblib
2026-09-25T22:03:03.638582,activity_target,activity_target-20260925-163258,Logistic Regression,2016-05-11,2016-05-12,6962181067,1.0,0.0,0.903868194517269,Review,0.903868194517269,Within historical range,1.451429686646628,REVIEW REQUIRED,True,D:\Strava Fitness App Project\models\predictive_models\activity_target\model.joblib
2026-09-25T22:03:03.981659,sleep_target,sleep_target-20260925-163300,Random Forest,2016-05-11,2016-05-12,6962181067,1.0,1.0,0.5474664363414362,Correct,0.5474664363414362,Within historical range,1.451429686646628,MONITORING,False,D:\Strava Fitness App Project\models\predictive_models\sleep_target\model.joblib
2026-09-25T22:09:25.670091,calories,calories-20260925-163257,Random Forest,2016-05-11,2016-05-12,6962181067,2107.171226190477,928.0,,Review,1179.1712261904772,Within historical range,1.451429686646628,REVIEW REQUIRED,True,D:\Strava Fitness App Project\models\predictive_models\calories\model.joblib
2026-09-25T22:09:25.761216,activity_target,activity_target-20260925-163258,Logistic Regression,2016-05-11,2016-05-12,6962181067,1.0,0.0,0.903868194517269,Review,0.903868194517269,Within historical range,1.451429686646628,REVIEW REQUIRED,True,D:\Strava Fitness App Project\models\predictive_models\activity_target\model.joblib
2026-09-25T22:09:26.090995,sleep_target,sleep_target-20260925-163300,Random Forest,2016-05-11,2016-05-12,6962181067,1.0,1.0,0.5474664363414363,Correct,0.5474664363414363,Within historical range,1.451429686646628,MONITORING,False,D:\Strava Fitness App Project\models\predictive_models\sleep_target\model.joblib
2026-09-25T22:11:16.918165,calories,calories-20260925-163257,Random Forest,2016-05-11,2016-05-12,6962181067,2107.171226190477,928.0,,Review,1179.1712261904772,Within historical range,1.451429686646628,REVIEW REQUIRED,True,D:\Strava Fitness App Project\models\predictive_models\calories\model.joblib
2026-09-25T22:11:17.018978,activity_target,activity_target-20260925-163258,Logistic Regression,2016-05-11,2016-05-12,6962181067,1.0,0.0,0.903868194517269,Review,0.903868194517269,Within historical range,1.451429686646628,REVIEW REQUIRED,True,D:\Strava Fitness App Project\models\predictive_models\activity_target\model.joblib
2026-09-25T22:11:17.358244,sleep_target,sleep_target-20260925-163300,Random Forest,2016-05-11,2016-05-12,6962181067,1.0,1.0,0.5474664363414362,Correct,0.5474664363414362,Within historical range,1.451429686646628,MONITORING,False,D:\Strava Fitness App Project\models\predictive_models\sleep_target\model.joblib
2026-09-25T22:25:24.567899,calories,calories-20260925-163257,Random Forest,2016-05-11,2016-05-12,6962181067,2107.171226190477,928.0,,Review,1179.1712261904772,Within historical range,1.451429686646628,REVIEW REQUIRED,True,D:\Strava Fitness App Project\models\predictive_models\calories\model.joblib
2026-09-25T22:25:24.681041,activity_target,activity_target-20260925-163258,Logistic Regression,2016-05-11,2016-05-12,6962181067,1.0,0.0,0.903868194517269,Review,0.903868194517269,Within historical range,1.451429686646628,REVIEW REQUIRED,True,D:\Strava Fitness App Project\models\predictive_models\activity_target\model.joblib
2026-09-25T22:25:25.031056,sleep_target,sleep_target-20260925-163300,Random Forest,2016-05-11,2016-05-12,6962181067,1.0,1.0,0.5474664363414363,Correct,0.5474664363414363,Within historical range,1.451429686646628,MONITORING,False,D:\Strava Fitness App Project\models\predictive_models\sleep_target\model.joblib
2026-09-26T00:09:42.589267,calories,calories-20260925-223133,Random Forest,2016-05-11,2016-05-12,6962181067,2330.548382275131,928.0,,Review,1402.5483822751312,Within historical range,1.451429686646628,REVIEW REQUIRED,True,C:\Labmentix Projects\Strava Fitness App Project\models\predictive_models\calories\model.joblib
2026-09-26T00:09:42.663890,activity_target,activity_target-20260925-163258,Logistic Regression,2016-05-11,2016-05-12,6962181067,1.0,0.0,0.903868194517269,Review,0.903868194517269,Within historical range,1.451429686646628,REVIEW REQUIRED,True,C:\Labmentix Projects\Strava Fitness App Project\models\predictive_models\activity_target\model.joblib
2026-09-26T00:09:42.875425,sleep_target,sleep_target-20260925-163300,Random Forest,2016-05-11,2016-05-12,6962181067,1.0,1.0,0.5474664363414363,Correct,0.5474664363414363,Within historical range,1.451429686646628,MONITORING,False,C:\Labmentix Projects\Strava Fitness App Project\models\predictive_models\sleep_target\model.joblib
2026-09-26T00:14:33.519619,calories,calories-20260926-001221,Linear Regression,2016-05-11,2016-05-12,6962181067,1983.7044593021672,928.0,,Review,1055.7044593021672,Within historical range,1.451429686646628,REVIEW REQUIRED,True,C:\Labmentix Projects\Strava Fitness App Project\models\predictive_models\calories\model.joblib
2026-09-26T00:14:33.590922,activity_target,activity_target-20260926-001224,Logistic Regression,2016-05-11,2016-05-12,6962181067,1.0,0.0,0.8621490502275916,Review,0.8621490502275916,Within historical range,1.451429686646628,REVIEW REQUIRED,True,C:\Labmentix Projects\Strava Fitness App Project\models\predictive_models\activity_target\model.joblib
2026-09-26T00:14:33.770786,sleep_target,sleep_target-20260926-001228,Random Forest,2016-05-11,2016-05-12,6962181067,1.0,1.0,0.7672099837640222,Correct,0.7672099837640222,Within historical range,1.451429686646628,MONITORING,False,C:\Labmentix Projects\Strava Fitness App Project\models\predictive_models\sleep_target\model.joblib
2026-09-26T01:09:38.260854,calories,calories-20260926-010929,Linear Regression,2016-05-11,2016-05-12,8378563200,3472.068787450523,1976.0,,Review,1496.068787450523,Within historical range,1.5826329069015297,REVIEW REQUIRED,True,C:\Labmentix Projects\Strava Fitness App Project\models\predictive_models\calories\model.joblib
2026-09-26T01:09:38.420764,activity_target,activity_target-20260926-010931,Random Forest,2016-05-11,2016-05-12,8378563200,0.0,0.0,0.314694878256732,Correct,0.685305121743268,Within historical range,1.5826329069015297,MONITORING,False,C:\Labmentix Projects\Strava Fitness App Project\models\predictive_models\activity_target\model.joblib
2026-09-26T01:09:38.515153,sleep_target,sleep_target-20260926-010933,Random Forest,2016-05-11,2016-05-12,8378563200,1.0,1.0,0.6940788872834752,Correct,0.6940788872834752,Within historical range,1.5826329069015297,MONITORING,False,C:\Labmentix Projects\Strava Fitness App Project\models\predictive_models\sleep_target\model.joblib
2026-09-26T01:17:55.966990,calories,calories-20260926-011739,Random Forest,2016-05-11,2016-05-12,8378563200,2791.5855089383635,1976.0,,Watch,815.5855089383635,Within historical range,1.5826329069015297,MONITORING,False,C:\Labmentix Projects\Strava Fitness App Project\models\predictive_models\calories\model.joblib
2026-09-26T01:17:56.039815,activity_target,activity_target-20260926-010931,Random Forest,2016-05-11,2016-05-12,8378563200,0.0,0.0,0.314694878256732,Correct,0.685305121743268,Within historical range,1.5826329069015297,MONITORING,False,C:\Labmentix Projects\Strava Fitness App Project\models\predictive_models\activity_target\model.joblib
2026-09-26T01:17:56.106325,sleep_target,sleep_target-20260926-010933,Random Forest,2016-05-11,2016-05-12,8378563200,1.0,1.0,0.6940788872834752,Correct,0.6940788872834752,Within historical range,1.5826329069015297,MONITORING,False,C:\Labmentix Projects\Strava Fitness App Project\models\predictive_models\sleep_target\model.joblib
2026-09-26T01:29:20.232683,calories,calories-20260925-195810,Random Forest,2016-05-11,2016-05-12,8378563200,3567.630300442852,1976.0,,Review,1591.630300442852,Within historical range,1.5826329069015297,REVIEW REQUIRED,True,C:\Labmentix Projects\Strava Fitness App Project\models\predictive_models\calories\model.joblib
2026-09-26T01:29:20.298410,activity_target,activity_target-20260925-195814,Logistic Regression,2016-05-11,2016-05-12,8378563200,0.0,0.0,0.2955252086744193,Correct,0.7044747913255807,Within historical range,1.5826329069015297,MONITORING,False,C:\Labmentix Projects\Strava Fitness App Project\models\predictive_models\activity_target\model.joblib
2026-09-26T01:29:20.360903,sleep_target,sleep_target-20260925-195818,Logistic Regression,2016-05-11,2016-05-12,8378563200,0.0,1.0,0.4074242979546859,Review,0.5925757020453142,Within historical range,1.5826329069015297,REVIEW REQUIRED,True,C:\Labmentix Projects\Strava Fitness App Project\models\predictive_models\sleep_target\model.joblib
2026-09-26T02:10:09.860618,calories,calories-20260925-203706,Random Forest,2016-05-11,2016-05-12,8378563200,3567.630300442852,1976.0,,Review,1591.630300442852,Within historical range,1.5826329069015297,REVIEW REQUIRED,True,C:\Labmentix Projects\Strava Fitness App Project\models\predictive_models\calories\model.joblib
2026-09-26T02:10:09.898465,activity_target,activity_target-20260925-203709,Logistic Regression,2016-05-11,2016-05-12,8378563200,0.0,0.0,0.2955252086744193,Correct,0.7044747913255807,Within historical range,1.5826329069015297,MONITORING,False,C:\Labmentix Projects\Strava Fitness App Project\models\predictive_models\activity_target\model.joblib
2026-09-26T02:10:09.943237,sleep_target,sleep_target-20260925-203712,Logistic Regression,2016-05-11,2016-05-12,8378563200,0.0,1.0,0.2785850189300185,Review,0.7214149810699815,Within historical range,1.5067789026057514,REVIEW REQUIRED,True,C:\Labmentix Projects\Strava Fitness App Project\models\predictive_models\sleep_target\model.joblib
2026-09-26T04:13:06.505158,calories,calories-20260925-203706,Random Forest,2016-05-11,2016-05-12,8378563200,3567.630300442852,1976.0,,Review,1591.630300442852,Within historical range,1.5826329069015297,REVIEW REQUIRED,True,C:\Labmentix Projects\Strava Fitness App Project\models\predictive_models\calories\model.joblib
2026-09-26T04:13:06.537811,activity_target,activity_target-20260925-203709,Logistic Regression,2016-05-11,2016-05-12,8378563200,0.0,0.0,0.2955252086744193,Correct,0.7044747913255807,Within historical range,1.5826329069015297,MONITORING,False,C:\Labmentix Projects\Strava Fitness App Project\models\predictive_models\activity_target\model.joblib
2026-09-26T04:13:06.575775,sleep_target,sleep_target-20260925-203712,Logistic Regression,2016-05-11,2016-05-12,8378563200,0.0,1.0,0.2785850189300185,Review,0.7214149810699815,Within historical range,1.5067789026057514,REVIEW REQUIRED,True,C:\Labmentix Projects\Strava Fitness App Project\models\predictive_models\sleep_target\model.joblib
2026-09-26T04:13:39.028190,calories,calories-20260925-224326,Random Forest,2016-05-11,2016-05-12,8378563200,3567.630300442852,1976.0,,Review,1591.630300442852,Within historical range,1.5826329069015297,REVIEW REQUIRED,True,C:\Labmentix Projects\Strava Fitness App Project\models\predictive_models\calories\model.joblib
2026-09-26T04:13:39.077693,activity_target,activity_target-20260925-224329,Logistic Regression,2016-05-11,2016-05-12,8378563200,0.0,0.0,0.2955252086744193,Correct,0.7044747913255807,Within historical range,1.5826329069015297,MONITORING,False,C:\Labmentix Projects\Strava Fitness App Project\models\predictive_models\activity_target\model.joblib
2026-09-26T04:13:39.121191,sleep_target,sleep_target-20260925-224333,Logistic Regression,2016-05-11,2016-05-12,8378563200,0.0,1.0,0.2785850189300185,Review,0.7214149810699815,Within historical range,1.5067789026057514,REVIEW REQUIRED,True,C:\Labmentix Projects\Strava Fitness App Project\models\predictive_models\sleep_target\model.joblib
