Column,Data Type,Non-Null Values,Missing %
Id,Int64,940,0.0
TotalSteps,int64,940,0.0
TotalDistance,float64,940,0.0
TrackerDistance,float64,940,0.0
LoggedActivitiesDistance,float64,940,0.0
VeryActiveDistance,float64,940,0.0
ModeratelyActiveDistance,float64,940,0.0
LightActiveDistance,float64,940,0.0
SedentaryActiveDistance,float64,940,0.0
VeryActiveMinutes,int64,940,0.0
FairlyActiveMinutes,int64,940,0.0
LightlyActiveMinutes,int64,940,0.0
SedentaryMinutes,int64,940,0.0
Calories,int64,940,0.0
Date,datetime64[us],940,0.0
Hourly_Calories_Total,float64,934,0.64
Hourly_Calories_Avg,float64,934,0.64
Hourly_Calorie_Records,float64,934,0.64
Hourly_Total_Intensity,float64,934,0.64
Hourly_Avg_Intensity,float64,934,0.64
Hourly_Max_Intensity,float64,934,0.64
Hourly_Steps_Total,float64,934,0.64
Hourly_Steps_Avg,float64,934,0.64
Hourly_Max_Steps,float64,934,0.64
Minute_Calories_Total,float64,934,0.64
Minute_Calories_Avg,float64,934,0.64
Minute_Calorie_Records,float64,934,0.64
Minute_Intensity_Avg,float64,934,0.64
Minute_Intensity_Total,float64,934,0.64
Minute_Active_Count,float64,934,0.64
Minute_VeryActive_Count,float64,934,0.64
Minute_FairlyActive_Count,float64,934,0.64
Minute_LightlyActive_Count,float64,934,0.64
Minute_Sedentary_Count,float64,934,0.64
METs_Avg,float64,934,0.64
METs_Max,float64,934,0.64
Minute_Steps_Total,float64,934,0.64
Minute_Steps_Avg,float64,934,0.64
Minute_Active_Step_Minutes,float64,934,0.64
HeartRate_Avg,float64,334,64.47
HeartRate_Min,float64,334,64.47
HeartRate_Max,float64,334,64.47
HeartRate_Median,float64,334,64.47
HeartRate_Std,float64,334,64.47
HeartRate_Readings,float64,334,64.47
Sleep_Records,float64,410,56.38
Sleep_Minutes,float64,410,56.38
Time_In_Bed_Minutes,float64,410,56.38
Sleep_Efficiency_Pct,float64,410,56.38
Weight_Kg,float64,67,92.87
Weight_Pounds,float64,67,92.87
Body_Fat_Pct,float64,2,99.79
BMI,float64,67,92.87
Weight_Logs,float64,67,92.87
Day_Of_Week,str,940,0.0
Day_Of_Week_Num,int32,940,0.0
Is_Weekend,bool,940,0.0
Month,int32,940,0.0
Week,int64,940,0.0
Total_Active_Minutes,int64,940,0.0
Active_Minutes_Pct,float64,940,0.0
Very_Active_Pct,float64,940,0.0
Meets_10k_Steps,bool,940,0.0
Sleep_7h_Target,bool,940,0.0
BMI_Category,category,67,92.87
