Id,Feature_Date,Target_Date,calories_Prediction,activity_target_Prediction,Steps_Positive_Probability,sleep_target_Prediction,Sleep_Positive_Probability,Model_Version_Calories,Model_Version_ActivityTarget,Model_Version_SleepTarget,Prediction_Timestamp
4057192912,2016-04-15,2016-04-16,1714.6242783891337,1.0,0.6074060817213898,1.0,0.604356022040995,calories-20260925-224326,activity_target-20260925-224329,sleep_target-20260925-224333,2026-09-25T22:43:36.026283+00:00
2347167796,2016-04-29,2016-04-30,1545.915491356138,0.0,0.13458581068325035,1.0,0.9971670705008503,calories-20260925-224326,activity_target-20260925-224329,sleep_target-20260925-224333,2026-09-25T22:43:36.026283+00:00
8253242879,2016-04-29,2016-04-30,1268.885292600247,0.0,0.338664221553649,0.0,0.42458898472008916,calories-20260925-224326,activity_target-20260925-224329,sleep_target-20260925-224333,2026-09-25T22:43:36.026283+00:00
3372868164,2016-05-01,2016-05-02,1398.9450280112044,0.0,0.32498119298942707,1.0,0.5982299482454193,calories-20260925-224326,activity_target-20260925-224329,sleep_target-20260925-224333,2026-09-25T22:43:36.026283+00:00
6775888955,2016-05-07,2016-05-08,1429.6451113657586,1.0,0.7122059022861862,1.0,0.765339529370146,calories-20260925-224326,activity_target-20260925-224329,sleep_target-20260925-224333,2026-09-25T22:43:36.026283+00:00
7007744171,2016-05-07,2016-05-08,1295.7116772486777,1.0,0.7618116243122014,1.0,0.9473751840596364,calories-20260925-224326,activity_target-20260925-224329,sleep_target-20260925-224333,2026-09-25T22:43:36.026283+00:00
6117666160,2016-05-09,2016-05-10,1417.1274460006227,0.0,0.24852620245480342,1.0,0.9795403242100222,calories-20260925-224326,activity_target-20260925-224329,sleep_target-20260925-224333,2026-09-25T22:43:36.026283+00:00
6290855005,2016-05-09,2016-05-10,1456.997814721795,0.0,0.17858610499388747,1.0,0.5545126217391899,calories-20260925-224326,activity_target-20260925-224329,sleep_target-20260925-224333,2026-09-25T22:43:36.026283+00:00
8792009665,2016-05-10,2016-05-11,1456.6579627366095,1.0,0.9935884087090882,0.0,0.35795665875170124,calories-20260925-224326,activity_target-20260925-224329,sleep_target-20260925-224333,2026-09-25T22:43:36.026283+00:00
1503960366,2016-05-11,2016-05-12,1264.8927063305646,1.0,0.892858792993051,1.0,0.5034333879963078,calories-20260925-224326,activity_target-20260925-224329,sleep_target-20260925-224333,2026-09-25T22:43:36.026283+00:00
1644430081,2016-05-11,2016-05-12,1478.876571202218,1.0,0.5217900614601055,1.0,0.673368276187103,calories-20260925-224326,activity_target-20260925-224329,sleep_target-20260925-224333,2026-09-25T22:43:36.026283+00:00
3977333714,2016-05-11,2016-05-12,1449.9273489799964,1.0,0.7724772975960563,1.0,0.8546592598175912,calories-20260925-224326,activity_target-20260925-224329,sleep_target-20260925-224333,2026-09-25T22:43:36.026283+00:00
5577150313,2016-05-11,2016-05-12,1377.9680351788725,1.0,0.7271197901030746,1.0,0.6616856202049561,calories-20260925-224326,activity_target-20260925-224329,sleep_target-20260925-224333,2026-09-25T22:43:36.026283+00:00
8583815059,2016-05-11,2016-05-12,1740.776737321937,0.0,0.3303780660894554,0.0,0.3501525298788744,calories-20260925-224326,activity_target-20260925-224329,sleep_target-20260925-224333,2026-09-25T22:43:36.026283+00:00
1624580081,2016-05-12,2016-05-13,1375.8371142517612,0.0,0.25964231411773764,1.0,0.6337746430112272,calories-20260925-224326,activity_target-20260925-224329,sleep_target-20260925-224333,2026-09-25T22:43:36.026283+00:00
1844505072,2016-05-12,2016-05-13,1299.4140105820106,0.0,0.35915922388946503,1.0,0.7840026684180861,calories-20260925-224326,activity_target-20260925-224329,sleep_target-20260925-224333,2026-09-25T22:43:36.026283+00:00
1927972279,2016-05-12,2016-05-13,1445.4216658786443,0.0,0.18402548001899824,1.0,0.6627402208581519,calories-20260925-224326,activity_target-20260925-224329,sleep_target-20260925-224333,2026-09-25T22:43:36.026283+00:00
2022484408,2016-05-12,2016-05-13,1662.3134837384405,1.0,0.6593849971676791,0.0,0.4665321278185647,calories-20260925-224326,activity_target-20260925-224329,sleep_target-20260925-224333,2026-09-25T22:43:36.026283+00:00
2026352035,2016-05-12,2016-05-13,1213.0213221288518,0.0,0.44636426794784884,1.0,0.7806747689789216,calories-20260925-224326,activity_target-20260925-224329,sleep_target-20260925-224333,2026-09-25T22:43:36.026283+00:00
2320127002,2016-05-12,2016-05-13,1392.6848697250462,0.0,0.2952805344310983,1.0,0.5963430472387345,calories-20260925-224326,activity_target-20260925-224329,sleep_target-20260925-224333,2026-09-25T22:43:36.026283+00:00
2873212765,2016-05-12,2016-05-13,1474.6855742269342,1.0,0.5197127375010896,0.0,0.4847164260004733,calories-20260925-224326,activity_target-20260925-224329,sleep_target-20260925-224333,2026-09-25T22:43:36.026283+00:00
4020332650,2016-05-12,2016-05-13,1499.371163794811,0.0,0.34785139141415494,1.0,0.7470169751498863,calories-20260925-224326,activity_target-20260925-224329,sleep_target-20260925-224333,2026-09-25T22:43:36.026283+00:00
4319703577,2016-05-12,2016-05-13,1564.5369358005826,0.0,0.0183139736428673,1.0,0.999724487911508,calories-20260925-224326,activity_target-20260925-224329,sleep_target-20260925-224333,2026-09-25T22:43:36.026283+00:00
4388161847,2016-05-12,2016-05-13,1728.0811154757344,0.0,0.4740705534010508,1.0,0.5503073830703495,calories-20260925-224326,activity_target-20260925-224329,sleep_target-20260925-224333,2026-09-25T22:43:36.026283+00:00
4445114986,2016-05-12,2016-05-13,1579.4153516113513,0.0,0.28449257248418863,1.0,0.9079034846462158,calories-20260925-224326,activity_target-20260925-224329,sleep_target-20260925-224333,2026-09-25T22:43:36.026283+00:00
4558609924,2016-05-12,2016-05-13,1488.4161729245332,0.0,0.4731184846436652,0.0,0.4897408593632173,calories-20260925-224326,activity_target-20260925-224329,sleep_target-20260925-224333,2026-09-25T22:43:36.026283+00:00
4702921684,2016-05-12,2016-05-13,1391.390907902555,1.0,0.7161310061832882,1.0,0.8296471926286325,calories-20260925-224326,activity_target-20260925-224329,sleep_target-20260925-224333,2026-09-25T22:43:36.026283+00:00
5553957443,2016-05-12,2016-05-13,1402.0701301247773,1.0,0.6016270329512002,1.0,0.8311244520898102,calories-20260925-224326,activity_target-20260925-224329,sleep_target-20260925-224333,2026-09-25T22:43:36.026283+00:00
6962181067,2016-05-12,2016-05-13,1492.280862433863,0.0,0.46932184577729,1.0,0.9701933150544495,calories-20260925-224326,activity_target-20260925-224329,sleep_target-20260925-224333,2026-09-25T22:43:36.026283+00:00
7086361926,2016-05-12,2016-05-13,1512.3434179894184,1.0,0.5159575158976722,1.0,0.9368863725707313,calories-20260925-224326,activity_target-20260925-224329,sleep_target-20260925-224333,2026-09-25T22:43:36.026283+00:00
8053475328,2016-05-12,2016-05-13,1594.0556301407296,0.0,0.48116826136450297,0.0,0.3502733876319097,calories-20260925-224326,activity_target-20260925-224329,sleep_target-20260925-224333,2026-09-25T22:43:36.026283+00:00
8378563200,2016-05-12,2016-05-13,1895.6704816813515,1.0,0.5043616909788075,1.0,0.7227479814451143,calories-20260925-224326,activity_target-20260925-224329,sleep_target-20260925-224333,2026-09-25T22:43:36.026283+00:00
8877689391,2016-05-12,2016-05-13,1770.6446178979247,1.0,0.7983604921284954,0.0,0.41498720942079353,calories-20260925-224326,activity_target-20260925-224329,sleep_target-20260925-224333,2026-09-25T22:43:36.026283+00:00
