timestamp_utc,query_type,context,status,query_hash,query_chars,execution_ms,returned_rows,error,query
2026-09-25T21:40:32.296407+00:00,test,security test,SUCCESS,0ca722d2170f0a6f,92,1.78,2,,"SELECT Id, TotalSteps FROM fitness_daily ORDER BY Id"
2026-09-25T21:40:32.309720+00:00,test,security test,REJECTED,029c729c59dea687,39,0.0,,Only read-only SELECT or WITH queries are allowed.,UPDATE fitness_daily SET TotalSteps = 1
2026-09-25T21:41:15.766218+00:00,business_question,Is calorie expenditure trending across the observation period?,SUCCESS,427e673255d3f8ea,476,3.07,2,,"WITH dated AS ( SELECT Date, AVG(Calories) AS avg_calories, NTILE(2) OVER ( ORDER BY Date ) AS period_half FROM fitness_daily WHERE Calories IS NOT NULL GROUP BY Date ) SELECT CASE WHEN period_half = 1 THEN 'First half' ELSE 'Second half' END AS period, COUNT(*) AS observed_dates, ROUND(AVG(avg_calories), 0) AS avg_daily_calories FROM dated GROUP BY period_half ORDER BY period_half"
2026-09-25T21:45:11.146709+00:00,business_question,Is calorie expenditure trending across the observation period?,SUCCESS,427e673255d3f8ea,476,2.94,2,,"WITH dated AS ( SELECT Date, AVG(Calories) AS avg_calories, NTILE(2) OVER ( ORDER BY Date ) AS period_half FROM fitness_daily WHERE Calories IS NOT NULL GROUP BY Date ) SELECT CASE WHEN period_half = 1 THEN 'First half' ELSE 'Second half' END AS period, COUNT(*) AS observed_dates, ROUND(AVG(avg_calories), 0) AS avg_daily_calories FROM dated GROUP BY period_half ORDER BY period_half"
2026-09-25T21:45:13.334646+00:00,business_question,Is calorie expenditure trending across the observation period?,SUCCESS,427e673255d3f8ea,476,3.66,2,,"WITH dated AS ( SELECT Date, AVG(Calories) AS avg_calories, NTILE(2) OVER ( ORDER BY Date ) AS period_half FROM fitness_daily WHERE Calories IS NOT NULL GROUP BY Date ) SELECT CASE WHEN period_half = 1 THEN 'First half' ELSE 'Second half' END AS period, COUNT(*) AS observed_dates, ROUND(AVG(avg_calories), 0) AS avg_daily_calories FROM dated GROUP BY period_half ORDER BY period_half"
2026-09-25T21:45:13.350717+00:00,custom,Custom SQL workspace,SUCCESS,b7728e99972785b1,205,3.07,10,,"SELECT Id, ROUND(AVG(TotalSteps), 0) AS avg_steps, COUNT(*) AS observation_days FROM fitness_daily WHERE TotalSteps IS NOT NULL GROUP BY Id HAVING COUNT(*) >= 3 ORDER BY avg_steps DESC LIMIT 10"
2026-09-25T21:45:15.435683+00:00,business_question,Is calorie expenditure trending across the observation period?,SUCCESS,427e673255d3f8ea,476,3.06,2,,"WITH dated AS ( SELECT Date, AVG(Calories) AS avg_calories, NTILE(2) OVER ( ORDER BY Date ) AS period_half FROM fitness_daily WHERE Calories IS NOT NULL GROUP BY Date ) SELECT CASE WHEN period_half = 1 THEN 'First half' ELSE 'Second half' END AS period, COUNT(*) AS observed_dates, ROUND(AVG(avg_calories), 0) AS avg_daily_calories FROM dated GROUP BY period_half ORDER BY period_half"
2026-09-25T21:45:16.914080+00:00,business_question,Is calorie expenditure trending across the observation period?,SUCCESS,427e673255d3f8ea,476,3.21,2,,"WITH dated AS ( SELECT Date, AVG(Calories) AS avg_calories, NTILE(2) OVER ( ORDER BY Date ) AS period_half FROM fitness_daily WHERE Calories IS NOT NULL GROUP BY Date ) SELECT CASE WHEN period_half = 1 THEN 'First half' ELSE 'Second half' END AS period, COUNT(*) AS observed_dates, ROUND(AVG(avg_calories), 0) AS avg_daily_calories FROM dated GROUP BY period_half ORDER BY period_half"
2026-09-25T21:45:21.707993+00:00,business_question,Is calorie expenditure trending across the observation period?,SUCCESS,427e673255d3f8ea,476,3.19,2,,"WITH dated AS ( SELECT Date, AVG(Calories) AS avg_calories, NTILE(2) OVER ( ORDER BY Date ) AS period_half FROM fitness_daily WHERE Calories IS NOT NULL GROUP BY Date ) SELECT CASE WHEN period_half = 1 THEN 'First half' ELSE 'Second half' END AS period, COUNT(*) AS observed_dates, ROUND(AVG(avg_calories), 0) AS avg_daily_calories FROM dated GROUP BY period_half ORDER BY period_half"
2026-09-25T21:45:22.769724+00:00,business_question,Is calorie expenditure trending across the observation period?,SUCCESS,427e673255d3f8ea,476,2.78,2,,"WITH dated AS ( SELECT Date, AVG(Calories) AS avg_calories, NTILE(2) OVER ( ORDER BY Date ) AS period_half FROM fitness_daily WHERE Calories IS NOT NULL GROUP BY Date ) SELECT CASE WHEN period_half = 1 THEN 'First half' ELSE 'Second half' END AS period, COUNT(*) AS observed_dates, ROUND(AVG(avg_calories), 0) AS avg_daily_calories FROM dated GROUP BY period_half ORDER BY period_half"
2026-09-25T21:45:24.187035+00:00,business_question,Is calorie expenditure trending across the observation period?,SUCCESS,427e673255d3f8ea,476,3.27,2,,"WITH dated AS ( SELECT Date, AVG(Calories) AS avg_calories, NTILE(2) OVER ( ORDER BY Date ) AS period_half FROM fitness_daily WHERE Calories IS NOT NULL GROUP BY Date ) SELECT CASE WHEN period_half = 1 THEN 'First half' ELSE 'Second half' END AS period, COUNT(*) AS observed_dates, ROUND(AVG(avg_calories), 0) AS avg_daily_calories FROM dated GROUP BY period_half ORDER BY period_half"
2026-09-25T21:45:25.062498+00:00,business_question,Is calorie expenditure trending across the observation period?,SUCCESS,427e673255d3f8ea,476,2.82,2,,"WITH dated AS ( SELECT Date, AVG(Calories) AS avg_calories, NTILE(2) OVER ( ORDER BY Date ) AS period_half FROM fitness_daily WHERE Calories IS NOT NULL GROUP BY Date ) SELECT CASE WHEN period_half = 1 THEN 'First half' ELSE 'Second half' END AS period, COUNT(*) AS observed_dates, ROUND(AVG(avg_calories), 0) AS avg_daily_calories FROM dated GROUP BY period_half ORDER BY period_half"
2026-09-25T21:45:25.073390+00:00,custom,Custom SQL workspace,REJECTED,e3b0c44298fc1c14,0,0.0,,Enter a SQL query.,
2026-09-25T21:45:29.365581+00:00,business_question,Is calorie expenditure trending across the observation period?,SUCCESS,427e673255d3f8ea,476,3.0,2,,"WITH dated AS ( SELECT Date, AVG(Calories) AS avg_calories, NTILE(2) OVER ( ORDER BY Date ) AS period_half FROM fitness_daily WHERE Calories IS NOT NULL GROUP BY Date ) SELECT CASE WHEN period_half = 1 THEN 'First half' ELSE 'Second half' END AS period, COUNT(*) AS observed_dates, ROUND(AVG(avg_calories), 0) AS avg_daily_calories FROM dated GROUP BY period_half ORDER BY period_half"
2026-09-25T21:45:42.601724+00:00,custom,Custom SQL workspace,SUCCESS,388643306fd229b4,37,6.62,50,,SELECT * FROM fitness_daily LIMIT 50;
2026-09-25T21:45:47.155044+00:00,custom,Custom SQL workspace,SUCCESS,388643306fd229b4,37,6.6,50,,SELECT * FROM fitness_daily LIMIT 50;
2026-09-25T21:45:51.649492+00:00,custom,Custom SQL workspace,SUCCESS,388643306fd229b4,37,5.47,50,,SELECT * FROM fitness_daily LIMIT 50;
2026-09-25T21:46:38.085275+00:00,business_question,How large and active is the observed population?,SUCCESS,30d3ba6ad372e40a,370,3.0,1,,"SELECT COUNT(DISTINCT Id) AS participants, COUNT(*) AS participant_days, ROUND(AVG(TotalSteps), 0) AS avg_steps, ROUND( 100.0 * SUM( CASE WHEN TotalSteps >= 10000 THEN 1 ELSE 0 END ) / COUNT(*), 1 ) AS pct_days_meeting_10k FROM fitness_daily WHERE TotalSteps IS NOT NULL"
2026-09-25T21:46:43.971757+00:00,business_question,Which participants show the strongest sustained activity?,SUCCESS,0016f343b95940ba,267,3.21,5,,"SELECT Id, ROUND(AVG(TotalSteps), 0) AS avg_steps, ROUND(AVG(Total_Active_Minutes), 1) AS avg_active_minutes, COUNT(*) AS observation_days FROM fitness_daily WHERE TotalSteps IS NOT NULL GROUP BY Id HAVING COUNT(*) >= 3 ORDER BY avg_steps DESC LIMIT 5"
2026-09-25T21:46:45.512040+00:00,business_question,Which participants show the strongest sustained activity?,SUCCESS,0016f343b95940ba,267,3.92,5,,"SELECT Id, ROUND(AVG(TotalSteps), 0) AS avg_steps, ROUND(AVG(Total_Active_Minutes), 1) AS avg_active_minutes, COUNT(*) AS observation_days FROM fitness_daily WHERE TotalSteps IS NOT NULL GROUP BY Id HAVING COUNT(*) >= 3 ORDER BY avg_steps DESC LIMIT 5"
2026-09-25T21:50:05.367573+00:00,business_question,How large and active is the observed population?,SUCCESS,30d3ba6ad372e40a,370,2.54,1,,"SELECT COUNT(DISTINCT Id) AS participants, COUNT(*) AS participant_days, ROUND(AVG(TotalSteps), 0) AS avg_steps, ROUND( 100.0 * SUM( CASE WHEN TotalSteps >= 10000 THEN 1 ELSE 0 END ) / COUNT(*), 1 ) AS pct_days_meeting_10k FROM fitness_daily WHERE TotalSteps IS NOT NULL"
2026-09-25T21:50:09.973682+00:00,business_question,Which participants show the strongest sustained activity?,SUCCESS,0016f343b95940ba,267,3.58,5,,"SELECT Id, ROUND(AVG(TotalSteps), 0) AS avg_steps, ROUND(AVG(Total_Active_Minutes), 1) AS avg_active_minutes, COUNT(*) AS observation_days FROM fitness_daily WHERE TotalSteps IS NOT NULL GROUP BY Id HAVING COUNT(*) >= 3 ORDER BY avg_steps DESC LIMIT 5"
2026-09-25T21:50:16.738909+00:00,business_question,Which day recorded the highest average calorie expenditure?,SUCCESS,eeb5e90155c74152,262,2.95,1,,"SELECT Date, ROUND(AVG(Calories), 0) AS avg_calories, ROUND(AVG(TotalSteps), 0) AS avg_steps, ROUND(AVG(Total_Active_Minutes), 1) AS avg_active_minutes FROM fitness_daily WHERE Calories IS NOT NULL GROUP BY Date ORDER BY avg_calories DESC LIMIT 1"
2026-09-25T22:25:50.596616+00:00,test,security test,SUCCESS,0ca722d2170f0a6f,92,1.57,2,,"SELECT Id, TotalSteps FROM fitness_daily ORDER BY Id"
2026-09-25T22:25:50.611077+00:00,test,security test,REJECTED,029c729c59dea687,39,0.0,,Only read-only SELECT or WITH queries are allowed.,UPDATE fitness_daily SET TotalSteps = 1
2026-09-25T23:02:22.552400+00:00,business_question,How large and active is the observed population?,SUCCESS,30d3ba6ad372e40a,370,3.08,1,,"SELECT COUNT(DISTINCT Id) AS participants, COUNT(*) AS participant_days, ROUND(AVG(TotalSteps), 0) AS avg_steps, ROUND( 100.0 * SUM( CASE WHEN TotalSteps >= 10000 THEN 1 ELSE 0 END ) / COUNT(*), 1 ) AS pct_days_meeting_10k FROM fitness_daily WHERE TotalSteps IS NOT NULL"
2026-09-25T23:02:28.216186+00:00,business_question,Which participants show the strongest sustained activity?,SUCCESS,0016f343b95940ba,267,3.41,5,,"SELECT Id, ROUND(AVG(TotalSteps), 0) AS avg_steps, ROUND(AVG(Total_Active_Minutes), 1) AS avg_active_minutes, COUNT(*) AS observation_days FROM fitness_daily WHERE TotalSteps IS NOT NULL GROUP BY Id HAVING COUNT(*) >= 3 ORDER BY avg_steps DESC LIMIT 5"
