Id,Feature_Date,Target_Date,Actual,Prediction,Predicted
8792009665,2016-05-07,2016-05-08,1688.0,1777.3374362545926,1777.3374362545926
8877689391,2016-05-07,2016-05-08,2847.0,3762.8303015873007,3762.8303015873007
1503960366,2016-05-08,2016-05-09,1819.0,1855.8822718276476,1855.8822718276476
1624580081,2016-05-08,2016-05-09,1328.0,1535.5331071311948,1535.5331071311948
1644430081,2016-05-08,2016-05-09,3008.0,3037.9747426995086,3037.9747426995086
1844505072,2016-05-08,2016-05-09,1347.0,1456.524455026455,1456.524455026455
1927972279,2016-05-08,2016-05-09,2063.0,2233.9457337656168,2233.9457337656168
2022484408,2016-05-08,2016-05-09,2709.0,2148.63597334564,2148.63597334564
2026352035,2016-05-08,2016-05-09,1869.0,1644.711169942159,1644.711169942159
2320127002,2016-05-08,2016-05-09,1630.0,1843.378879442709,1843.378879442709
2873212765,2016-05-08,2016-05-09,1906.0,1942.9929916892588,1942.9929916892588
3977333714,2016-05-08,2016-05-09,1667.0,1608.9431662520078,1608.9431662520078
4020332650,2016-05-08,2016-05-09,2785.0,3027.4291557772367,3027.4291557772367
4319703577,2016-05-08,2016-05-09,2345.0,2017.0455697910209,2017.0455697910209
4388161847,2016-05-08,2016-05-09,3013.0,3462.762102971103,3462.762102971103
4445114986,2016-05-08,2016-05-09,2281.0,2322.425868672812,2322.425868672812
4558609924,2016-05-08,2016-05-09,2223.0,2540.1787086691093,2540.1787086691093
4702921684,2016-05-08,2016-05-09,2990.0,2701.231075830296,2701.231075830296
5553957443,2016-05-08,2016-05-09,2272.0,1831.801440374555,1831.801440374555
5577150313,2016-05-08,2016-05-09,2489.0,2060.259139289401,2060.259139289401
6117666160,2016-05-08,2016-05-09,1248.0,2142.9545534002987,2142.9545534002987
6290855005,2016-05-08,2016-05-09,2175.0,2607.2340264460886,2607.2340264460886
6962181067,2016-05-08,2016-05-09,2105.0,2008.4225185185185,2008.4225185185185
7086361926,2016-05-08,2016-05-09,2960.0,2875.7438115037294,2875.7438115037294
8053475328,2016-05-08,2016-05-09,2765.0,3484.555894179893,3484.555894179893
8378563200,2016-05-08,2016-05-09,3721.0,3368.690506112022,3368.690506112022
8583815059,2016-05-08,2016-05-09,2947.0,2772.2110286018415,2772.2110286018415
8792009665,2016-05-08,2016-05-09,1688.0,1949.468744459829,1949.468744459829
8877689391,2016-05-08,2016-05-09,3710.0,3157.072461298207,3157.072461298207
1503960366,2016-05-09,2016-05-10,1859.0,1873.3230207460692,1873.3230207460692
1624580081,2016-05-09,2016-05-10,1393.0,1435.343428090428,1435.343428090428
1644430081,2016-05-09,2016-05-10,2799.0,2864.223598680208,2864.223598680208
1844505072,2016-05-09,2016-05-10,1347.0,1482.3168334998331,1482.3168334998331
1927972279,2016-05-09,2016-05-10,2063.0,2168.8130817744864,2168.8130817744864
2022484408,2016-05-09,2016-05-10,2797.0,2540.98121219299,2540.98121219299
2026352035,2016-05-09,2016-05-10,1141.0,1774.1876886911061,1774.1876886911061
2320127002,2016-05-09,2016-05-10,1899.0,1811.6860247604243,1811.6860247604243
2873212765,2016-05-09,2016-05-10,1962.0,1948.9789543024463,1948.9789543024463
3977333714,2016-05-09,2016-05-10,1630.0,1724.6716920333358,1724.6716920333358
4020332650,2016-05-09,2016-05-10,2926.0,3079.5765191194405,3079.5765191194405
4319703577,2016-05-09,2016-05-10,2260.0,2080.315401154401,2080.315401154401
4388161847,2016-05-09,2016-05-10,3061.0,3171.439558454331,3171.439558454331
4445114986,2016-05-09,2016-05-10,2181.0,2232.701823915106,2232.701823915106
4558609924,2016-05-09,2016-05-10,1889.0,2080.805018848062,2080.805018848062
4702921684,2016-05-09,2016-05-10,3172.0,2956.0626489133438,2956.0626489133438
5553957443,2016-05-09,2016-05-10,2335.0,2040.4091840054684,2040.4091840054684
5577150313,2016-05-09,2016-05-10,3841.0,2596.1997686017676,2596.1997686017676
6290855005,2016-05-09,2016-05-10,0.0,2080.144279622987,2080.144279622987
6962181067,2016-05-09,2016-05-10,2361.0,2062.3498380898104,2062.3498380898104
7086361926,2016-05-09,2016-05-10,2800.0,2765.6314622413356,2765.6314622413356
8053475328,2016-05-09,2016-05-10,2926.0,2654.0246066496284,2654.0246066496284
8378563200,2016-05-09,2016-05-10,3586.0,3516.833716505717,3516.833716505717
8583815059,2016-05-09,2016-05-10,2846.0,3149.9211170660083,3149.9211170660083
8792009665,2016-05-09,2016-05-10,57.0,1854.5265385043804,1854.5265385043804
8877689391,2016-05-09,2016-05-10,2832.0,3482.0039351759356,3482.0039351759356
1503960366,2016-05-10,2016-05-11,1783.0,1788.1408081185198,1788.1408081185198
1624580081,2016-05-10,2016-05-11,1359.0,1519.155707186811,1519.155707186811
1644430081,2016-05-10,2016-05-11,1276.0,2961.7596124056545,2961.7596124056545
1844505072,2016-05-10,2016-05-11,1347.0,1411.655128353128,1411.655128353128
1927972279,2016-05-10,2016-05-11,2063.0,2166.6282354091372,2166.6282354091372
2022484408,2016-05-10,2016-05-11,2544.0,2520.1265055802346,2520.1265055802346
2026352035,2016-05-10,2016-05-11,1698.0,1452.4940106073261,1452.4940106073261
2320127002,2016-05-10,2016-05-11,1903.0,1941.9311333785222,1941.9311333785222
2873212765,2016-05-10,2016-05-11,1826.0,1961.010582879525,1961.010582879525
3977333714,2016-05-10,2016-05-11,52.0,1617.4662394721688,1617.4662394721688
4020332650,2016-05-10,2016-05-11,2645.0,3127.1192449359373,3127.1192449359373
4319703577,2016-05-10,2016-05-11,2232.0,2094.0588196121544,2094.0588196121544
4388161847,2016-05-10,2016-05-11,2954.0,3106.1074611775866,3106.1074611775866
4445114986,2016-05-10,2016-05-11,2499.0,2190.819855013858,2190.819855013858
4558609924,2016-05-10,2016-05-11,2131.0,2005.5965742989486,2005.5965742989486
4702921684,2016-05-10,2016-05-11,3069.0,2861.544705505664,2861.544705505664
5553957443,2016-05-10,2016-05-11,1693.0,2087.794606187185,2087.794606187185
5577150313,2016-05-10,2016-05-11,1665.0,3326.8386385482477,3326.8386385482477
6962181067,2016-05-10,2016-05-11,1855.0,2113.11260790866,2113.11260790866
7086361926,2016-05-10,2016-05-11,2735.0,2644.853602281247,2644.853602281247
8053475328,2016-05-10,2016-05-11,2809.0,2965.3036576140544,2965.3036576140544
8378563200,2016-05-10,2016-05-11,3788.0,3422.8438321308317,3422.8438321308317
8583815059,2016-05-10,2016-05-11,2804.0,2742.850605725658,2742.850605725658
8877689391,2016-05-10,2016-05-11,3832.0,3241.0569863419714,3241.0569863419714
1503960366,2016-05-11,2016-05-12,0.0,1789.9456692406434,1789.9456692406434
1624580081,2016-05-11,2016-05-12,1002.0,1415.0563940901875,1415.0563940901875
1844505072,2016-05-11,2016-05-12,665.0,1422.0139836459837,1422.0139836459837
1927972279,2016-05-11,2016-05-12,1383.0,2168.935295214768,2168.935295214768
2022484408,2016-05-11,2016-05-12,1853.0,2444.8326777646184,2444.8326777646184
2026352035,2016-05-11,2016-05-12,1364.0,1573.7163322265676,1573.7163322265676
2320127002,2016-05-11,2016-05-12,1125.0,1592.6472176976404,1592.6472176976404
2873212765,2016-05-11,2016-05-12,1431.0,1869.1767639701463,1869.1767639701463
4020332650,2016-05-11,2016-05-12,1120.0,2836.760712161085,2836.760712161085
4319703577,2016-05-11,2016-05-12,257.0,2048.77643377362,2048.77643377362
4388161847,2016-05-11,2016-05-12,1623.0,3042.9316133376824,3042.9316133376824
4445114986,2016-05-11,2016-05-12,1212.0,2589.035391450196,2589.035391450196
4558609924,2016-05-11,2016-05-12,1452.0,1956.7834033887473,1956.7834033887473
4702921684,2016-05-11,2016-05-12,1240.0,2836.7228874739944,2836.7228874739944
5553957443,2016-05-11,2016-05-12,741.0,2027.971564989421,2027.971564989421
6962181067,2016-05-11,2016-05-12,928.0,1770.887864726639,1770.887864726639
7086361926,2016-05-11,2016-05-12,1199.0,2616.9534444467354,2616.9534444467354
8053475328,2016-05-11,2016-05-12,1505.0,2984.9963838232466,2984.9963838232466
8378563200,2016-05-11,2016-05-12,1976.0,3535.1771811674157,3535.1771811674157
8583815059,2016-05-11,2016-05-12,0.0,2655.2939417744624,2655.2939417744624
8877689391,2016-05-11,2016-05-12,1849.0,3346.105661782662,3346.105661782662
